Priority,Section,Task ID,Task,Description,Current Status,Complexity,Dependencies
P0,Core Auth,AUTH-001,Implement authentication backend,Set up auth service (Auth0/Clerk/Supabase Auth) with JWT tokens,Missing,High,None
P0,Core Auth,AUTH-002,User registration flow,Email verification signup with password requirements,Missing,Medium,AUTH-001
P0,Core Auth,AUTH-003,Login/logout functionality,Secure session management with refresh tokens,Missing,Medium,AUTH-001
P0,Core Auth,AUTH-004,Password reset flow,Secure password reset via email with expiring tokens,Missing,Medium,AUTH-001
P0,Core Auth,AUTH-005,Role-based access control (RBAC),Define roles: Admin/Staff/Customer with permissions,Missing,High,AUTH-001
P0,Core Auth,AUTH-006,OAuth/SSO integration,Google/Microsoft SSO for enterprise customers,Missing,Medium,AUTH-001
P1,Core Auth,AUTH-007,Multi-factor authentication (MFA),TOTP/SMS 2FA for enhanced security,Missing,Medium,AUTH-001
P1,Core Auth,AUTH-008,Session management dashboard,View/revoke active sessions,Missing,Low,AUTH-001
P2,Core Auth,AUTH-009,API key management,Generate/revoke API keys for integrations,Missing,Medium,AUTH-001
P2,Core Auth,AUTH-010,Single sign-on (SAML),Enterprise SAML SSO for large customers,Missing,High,AUTH-006
P0,Security,SEC-001,HTTPS enforcement,Ensure all traffic uses TLS 1.3,Partial (Cloudflare),Low,None
P0,Security,SEC-002,Input sanitization,Sanitize all user inputs to prevent XSS,Partial,Medium,None
P0,Security,SEC-003,CSRF protection,Implement CSRF tokens on all forms,Missing,Medium,AUTH-001
P0,Security,SEC-004,Rate limiting,Implement rate limiting on API endpoints and forms,Missing,Medium,API-001
P0,Security,SEC-005,Secrets management,Use environment variables/vault for API keys,Missing,Medium,None
P1,Security,SEC-006,Security headers,Add CSP/X-Frame-Options/HSTS headers,Missing,Low,None
P1,Security,SEC-007,Dependency vulnerability scanning,Implement npm audit/Snyk in CI/CD,Missing,Low,CICD-001
P1,Security,SEC-008,SQL injection prevention,Use parameterized queries/ORM,Missing,Medium,STOR-001
P1,Security,SEC-009,Data encryption at rest,Encrypt sensitive data in database,Missing,High,STOR-001
P1,Security,SEC-010,Data encryption in transit,TLS for all API communications,Partial,Low,API-001
P2,Security,SEC-011,Penetration testing,Annual security audit by third party,Missing,High,All Security
P2,Security,SEC-012,Security incident response plan,Document procedures for security breaches,Missing,Medium,None
P2,Security,SEC-013,Web Application Firewall (WAF),Configure Cloudflare WAF rules,Partial,Medium,None
P0,Storage,STOR-001,Database selection and setup,Choose and configure database (PostgreSQL/Supabase/PlanetScale),Missing,High,None
P0,Storage,STOR-002,Database schema design,Design normalized schema for all entities,Missing,High,STOR-001
P0,Storage,STOR-003,ORM/query builder setup,Implement Prisma/Drizzle for type-safe queries,Missing,Medium,STOR-001
P0,Storage,STOR-004,Connection pooling,Configure connection pooling for production scale,Missing,Medium,STOR-001
P1,Storage,STOR-005,Database migrations system,Version-controlled schema migrations,Missing,Medium,STOR-001
P1,Storage,STOR-006,Database backup strategy,Automated daily backups with 30-day retention,Missing,Medium,STOR-001
P1,Storage,STOR-007,Read replicas,Set up read replicas for query performance,Missing,High,STOR-001
P2,Storage,STOR-008,Database monitoring,Query performance monitoring and alerts,Missing,Medium,STOR-001
P2,Storage,STOR-009,Data archival strategy,Archive old data to cold storage,Missing,Medium,STOR-001
P3,Storage,STOR-010,Multi-region replication,Geographic database replication for DR,Missing,High,STOR-001
P0,API,API-001,Backend framework setup,Set up Node.js/Express or Hono API server,Missing,High,None
P0,API,API-002,RESTful API design,Design consistent REST endpoints,Missing,Medium,API-001
P0,API,API-003,API authentication middleware,JWT validation on protected routes,Missing,Medium,AUTH-001
P0,API,API-004,Request validation,Zod/Joi schema validation on all endpoints,Missing,Medium,API-001
P0,API,API-005,Error handling middleware,Standardized error responses and logging,Missing,Medium,API-001
P1,API,API-006,API versioning,Version API endpoints (v1/v2),Missing,Low,API-001
P1,API,API-007,API documentation,OpenAPI/Swagger documentation,Missing,Medium,API-001
P1,API,API-008,GraphQL layer (optional),GraphQL for complex data fetching,Missing,High,API-001
P2,API,API-009,API rate limiting per user,Per-user rate limits with quotas,Missing,Medium,API-004
P2,API,API-010,Webhook system,Outbound webhooks for integrations,Missing,High,API-001
P0,CRM,CRM-001,Lead storage backend,Store leads in database instead of Formspree only,Partial (Formspree),High,STOR-001
P0,CRM,CRM-002,Contact/lead schema,Design contact schema with all required fields,Missing,Medium,STOR-001
P0,CRM,CRM-003,Lead capture API,API endpoints to create/update leads,Missing,Medium,API-001
P1,CRM,CRM-004,Lead scoring persistence,Move lead scoring from localStorage to database,Partial (localStorage),Medium,STOR-001
P1,CRM,CRM-005,Contact list management,CRUD operations for contacts with search/filter,Missing,Medium,API-001
P1,CRM,CRM-006,Lead status workflow,Lead stages: New/Contacted/Qualified/Proposal/Won/Lost,Missing,Medium,CRM-002
P1,CRM,CRM-007,Activity timeline,Log all interactions per contact,Missing,Medium,CRM-002
P1,CRM,CRM-008,Company/organization management,Link contacts to companies,Missing,Medium,CRM-002
P2,CRM,CRM-009,Lead assignment rules,Auto-assign leads to sales reps,Missing,Medium,CRM-006
P2,CRM,CRM-010,Deal/opportunity tracking,Sales pipeline with deal values,Missing,High,CRM-006
P2,CRM,CRM-011,CRM reporting dashboard,Lead analytics and conversion metrics,Missing,High,CRM-001
P2,CRM,CRM-012,Third-party CRM integration,Sync with Salesforce/HubSpot/Pipedrive,Missing,High,CRM-001
P3,CRM,CRM-013,Lead enrichment,Auto-enrich leads with company data (Clearbit/Apollo),Missing,Medium,CRM-001
P0,Media,MEDIA-001,File upload infrastructure,Secure file upload API with validation,Missing,High,API-001
P0,Media,MEDIA-002,Cloud storage setup,Configure S3/R2/Cloudflare Images,Missing,Medium,None
P0,Media,MEDIA-003,Image optimization pipeline,Auto-resize/compress uploaded images,Partial (client-side only),Medium,MEDIA-002
P1,Media,MEDIA-004,CDN configuration,Serve media through CDN with caching,Partial (Cloudflare),Low,MEDIA-002
P1,Media,MEDIA-005,File type validation,Validate file types and scan for malware,Missing,Medium,MEDIA-001
P1,Media,MEDIA-006,Image variant generation,Generate thumbnails and multiple sizes,Missing,Medium,MEDIA-003
P2,Media,MEDIA-007,Video upload support,Support video uploads with transcoding,Missing,High,MEDIA-001
P2,Media,MEDIA-008,Media library management,Admin UI to manage uploaded assets,Missing,Medium,MEDIA-001
P2,Media,MEDIA-009,Asset tagging and search,Tag and search media assets,Missing,Medium,MEDIA-008
P3,Media,MEDIA-010,Digital asset management (DAM),Full DAM system for brand assets,Missing,High,MEDIA-008
P1,Documents,DOC-001,PDF generation,Generate PDF quotes/proposals,Missing,High,API-001
P1,Documents,DOC-002,Document templates,Editable templates for common documents,Missing,Medium,DOC-001
P1,Documents,DOC-003,Document storage,Store generated documents with versioning,Missing,Medium,STOR-001
P2,Documents,DOC-004,E-signature integration,DocuSign/Adobe Sign integration,Missing,High,DOC-001
P2,Documents,DOC-005,Document preview,In-browser document preview,Missing,Medium,DOC-003
P2,Documents,DOC-006,Document sharing,Secure shareable document links,Missing,Medium,DOC-003
P3,Documents,DOC-007,Document OCR,Extract text from uploaded documents,Missing,High,MEDIA-001
P3,Documents,DOC-008,Contract management,Track contract lifecycle and renewals,Missing,High,DOC-004
P1,Templates,TMPL-001,Email template system,HTML email templates with variables,Missing,Medium,EMAIL-001
P1,Templates,TMPL-002,Quote/proposal templates,Customizable quote templates,Missing,Medium,DOC-001
P2,Templates,TMPL-003,Template editor UI,WYSIWYG template editor for admins,Missing,High,TMPL-001
P2,Templates,TMPL-004,Template versioning,Version control for templates,Missing,Low,TMPL-001
P2,Templates,TMPL-005,Dynamic content blocks,Reusable content blocks in templates,Missing,Medium,TMPL-001
P3,Templates,TMPL-006,Template A/B testing,Test different template versions,Missing,Medium,TMPL-001
P0,Email,EMAIL-001,Transactional email service,Set up SendGrid/Resend/AWS SES,Missing,Medium,None
P0,Email,EMAIL-002,Email verification emails,Send verification emails on signup,Missing,Low,EMAIL-001
P0,Email,EMAIL-003,Password reset emails,Send password reset emails,Missing,Low,EMAIL-001
P1,Email,EMAIL-004,Form submission confirmations,Auto-confirm form submissions to users,Missing,Low,EMAIL-001
P1,Email,EMAIL-005,Lead notification emails,Notify sales team of new leads,Missing,Low,EMAIL-001
P2,Email,EMAIL-006,Email marketing integration,Mailchimp/ConvertKit/Klaviyo integration,Missing,Medium,EMAIL-001
P2,Email,EMAIL-007,Email tracking,Track opens/clicks on emails,Missing,Medium,EMAIL-001
P2,Email,EMAIL-008,Drip campaign automation,Automated email sequences,Missing,High,EMAIL-006
P3,Email,EMAIL-009,Email deliverability monitoring,Monitor bounce rates and reputation,Missing,Medium,EMAIL-001
P1,Billing,BILL-001,Payment processor setup,Integrate Stripe/PayPal,Missing,High,API-001
P1,Billing,BILL-002,Quote generation,Generate and send quotes,Missing,Medium,DOC-001
P1,Billing,BILL-003,Invoice generation,Create and send invoices,Missing,Medium,DOC-001
P2,Billing,BILL-004,Subscription management,Recurring billing for services,Missing,High,BILL-001
P2,Billing,BILL-005,Payment history,View payment history per customer,Missing,Medium,BILL-001
P2,Billing,BILL-006,Tax calculation,Sales tax calculation (TaxJar/Avalara),Missing,Medium,BILL-001
P2,Billing,BILL-007,Multi-currency support,Support international payments,Missing,Medium,BILL-001
P3,Billing,BILL-008,Dunning management,Failed payment retry logic,Missing,Medium,BILL-004
P3,Billing,BILL-009,Revenue analytics,MRR/ARR/churn dashboards,Missing,High,BILL-001
P3,Billing,BILL-010,Accounts receivable,Track outstanding invoices,Missing,Medium,BILL-003
P1,GPS,GPS-001,Store locator with map,Interactive map showing service areas,Partial (pages only),Medium,None
P2,GPS,GPS-002,Geolocation detection,Auto-detect user location for local content,Missing,Low,None
P2,GPS,GPS-003,Service area validation,Verify leads are in service area,Missing,Low,GPS-002
P2,GPS,GPS-004,Driving directions integration,Google/Apple Maps directions to offices,Missing,Low,GPS-001
P3,GPS,GPS-005,Territory management,Define sales territories,Missing,Medium,GPS-001
P3,GPS,GPS-006,Technician routing,Route optimization for service visits,Missing,High,GPS-001
P1,Blog,BLOG-001,Headless CMS integration,Set up Sanity/Contentful/Strapi for content,Missing (static JSX),High,None
P1,Blog,BLOG-002,Blog admin interface,WYSIWYG editor for creating posts,Missing,Medium,BLOG-001
P1,Blog,BLOG-003,Draft/publish workflow,Save drafts and schedule publishing,Missing,Medium,BLOG-001
P1,Blog,BLOG-004,Author management,Multiple authors with profiles,Missing,Low,BLOG-001
P1,Blog,BLOG-005,Category/tag management,Manage blog categories and tags,Missing,Low,BLOG-001
P2,Blog,BLOG-006,Content versioning,Track content changes over time,Missing,Medium,BLOG-001
P2,Blog,BLOG-007,Editorial calendar,Plan and schedule content,Missing,Medium,BLOG-001
P2,Blog,BLOG-008,Content performance analytics,Track views/engagement per post,Partial (GA4),Medium,BLOG-001
P3,Blog,BLOG-009,AI writing assistant,AI help for content creation,Missing,Medium,AI-001
P3,Blog,BLOG-010,Content syndication,Auto-post to social media,Missing,Medium,AUTO-001
P1,SEO,SEO-001,Dynamic sitemap generation,Auto-generate sitemap from routes,Partial (static),Low,None
P1,SEO,SEO-002,Canonical URL management,Ensure proper canonical URLs,Implemented,Low,None
P2,SEO,SEO-003,SEO audit tooling,Automated SEO checks in CI/CD,Missing,Medium,CICD-001
P2,SEO,SEO-004,Redirect management,301/302 redirect management,Missing,Low,API-001
P2,SEO,SEO-005,Core Web Vitals monitoring,Track LCP/FID/CLS metrics,Missing,Medium,ANAL-001
P2,SEO,SEO-006,Internal linking optimization,Automated internal link suggestions,Missing,Medium,BLOG-001
P3,SEO,SEO-007,Keyword rank tracking,Track keyword positions over time,Missing,Medium,None
P3,SEO,SEO-008,Competitor analysis,Monitor competitor SEO metrics,Missing,Medium,None
P1,AI,AI-001,AI chatbot/assistant,Chat widget for visitor questions,Missing,High,API-001
P1,AI,AI-002,LLM API integration,OpenAI/Anthropic API setup,Missing,Medium,API-001
P2,AI,AI-003,AI-powered search,Semantic search for content,Missing (fuzzy only),High,AI-002
P2,AI,AI-004,Content recommendations,AI-powered related content,Missing,Medium,AI-002
P2,AI,AI-005,Lead qualification AI,Auto-qualify leads based on signals,Missing,High,AI-002
P3,AI,AI-006,Sentiment analysis,Analyze customer feedback sentiment,Missing,Medium,AI-002
P3,AI,AI-007,Predictive analytics,Predict lead conversion likelihood,Missing,High,AI-002
P3,AI,AI-008,AI content generation,Generate blog/email content,Missing,Medium,AI-002
P1,Automation,AUTO-001,Workflow engine setup,Set up n8n/Temporal/Trigger.dev,Missing,High,API-001
P1,Automation,AUTO-002,Form submission workflows,Trigger actions on form submit,Partial (Formspree email),Medium,AUTO-001
P1,Automation,AUTO-003,Lead routing automation,Auto-route leads to sales reps,Missing,Medium,AUTO-001
P2,Automation,AUTO-004,Scheduled tasks/cron jobs,Background job processing,Missing,Medium,API-001
P2,Automation,AUTO-005,Zapier/Make integration,Connect to 1000s of apps,Missing,Medium,API-010
P2,Automation,AUTO-006,Email automation triggers,Send emails based on user actions,Missing,Medium,EMAIL-006
P2,Automation,AUTO-007,Slack/Teams notifications,Notify team of important events,Missing,Low,AUTO-001
P3,Automation,AUTO-008,Approval workflows,Multi-step approval processes,Missing,High,AUTO-001
P3,Automation,AUTO-009,SLA monitoring,Track and alert on SLA violations,Missing,Medium,AUTO-001
P0,Testing,TEST-001,Unit testing setup,Configure Vitest with React Testing Library,Missing,Medium,None
P0,Testing,TEST-002,Component tests,Test React components,Missing,Medium,TEST-001
P1,Testing,TEST-003,Integration tests,Test API endpoints,Missing,Medium,TEST-001
P1,Testing,TEST-004,E2E testing setup,Configure Playwright/Cypress,Missing,Medium,None
P1,Testing,TEST-005,Critical path E2E tests,Test contact forms and key flows,Missing,Medium,TEST-004
P2,Testing,TEST-006,Visual regression testing,Screenshot comparison tests,Missing,Medium,TEST-004
P2,Testing,TEST-007,Performance testing,Load testing with k6/Artillery,Missing,High,None
P2,Testing,TEST-008,Accessibility testing,Automated a11y testing (axe-core),Missing,Medium,TEST-004
P3,Testing,TEST-009,Chaos engineering,Test system resilience,Missing,High,INFRA-001
P3,Testing,TEST-010,Security testing automation,OWASP ZAP in CI/CD,Missing,High,CICD-001
P0,DevOps,CICD-001,CI/CD pipeline setup,GitHub Actions for build/test/deploy,Missing,Medium,None
P0,DevOps,CICD-002,Automated builds,Build on every PR,Missing,Low,CICD-001
P0,DevOps,CICD-003,Linting in CI,Run ESLint on every PR,Missing,Low,CICD-001
P1,DevOps,CICD-004,Test automation in CI,Run tests on every PR,Missing,Medium,TEST-001
P1,DevOps,CICD-005,Preview deployments,Deploy PR previews for review,Missing,Medium,CICD-001
P1,DevOps,CICD-006,Environment management,Staging/production environments,Missing,Medium,CICD-001
P2,DevOps,CICD-007,Infrastructure as code,Terraform/Pulumi for infra,Missing,High,None
P2,DevOps,CICD-008,Container orchestration,Docker/Kubernetes setup,Missing,High,API-001
P2,DevOps,CICD-009,Blue-green deployments,Zero-downtime deployments,Missing,High,CICD-006
P3,DevOps,CICD-010,Feature flags,LaunchDarkly/Unleash integration,Missing,Medium,API-001
P1,Infrastructure,INFRA-001,Production hosting selection,Choose hosting (Vercel/Railway/Fly.io),Partial (Cloudflare Pages - static only),High,None
P1,Infrastructure,INFRA-002,Auto-scaling configuration,Scale based on traffic,Missing,High,INFRA-001
P1,Infrastructure,INFRA-003,Load balancing,Distribute traffic across instances,Missing,Medium,INFRA-001
P1,Infrastructure,INFRA-004,SSL/TLS certificate management,Auto-renew SSL certificates,Implemented (Cloudflare),Low,None
P2,Infrastructure,INFRA-005,Multi-region deployment,Deploy to multiple regions,Missing,High,INFRA-001
P2,Infrastructure,INFRA-006,Disaster recovery plan,Document DR procedures,Missing,Medium,None
P2,Infrastructure,INFRA-007,Backup and restore testing,Regular restore drills,Missing,Medium,STOR-006
P3,Infrastructure,INFRA-008,Cost optimization,Monitor and optimize cloud costs,Missing,Medium,INFRA-001
P1,Analytics,ANAL-001,Server-side analytics,Track events server-side for accuracy,Partial (GA4 client only),Medium,API-001
P1,Analytics,ANAL-002,Custom dashboards,Build internal analytics dashboards,Missing,High,STOR-001
P2,Analytics,ANAL-003,Funnel analysis,Track conversion funnels,Partial (GA4),Medium,ANAL-001
P2,Analytics,ANAL-004,Cohort analysis,Analyze user cohorts over time,Missing,Medium,ANAL-001
P2,Analytics,ANAL-005,A/B testing framework,Run experiments with statistical analysis,Missing,High,None
P2,Analytics,ANAL-006,Attribution modeling,Track lead source attribution,Partial (GA4),Medium,ANAL-001
P3,Analytics,ANAL-007,Business intelligence,Connect to BI tools (Metabase/Looker),Missing,High,STOR-001
P3,Analytics,ANAL-008,Real-time dashboards,Live metrics display,Missing,High,ANAL-002
P0,Compliance,COMP-001,Privacy policy page,GDPR/CCPA compliant privacy policy,Missing,Low,None
P0,Compliance,COMP-002,Terms of service page,Legal ToS for users,Missing,Low,None
P0,Compliance,COMP-003,Cookie consent banner,GDPR cookie consent management,Missing,Low,None
P1,Compliance,COMP-004,GDPR data access requests,Handle DSAR requests,Missing,Medium,STOR-001
P1,Compliance,COMP-005,Data deletion capability,Delete user data on request,Missing,Medium,STOR-001
P1,Compliance,COMP-006,WCAG accessibility audit,Audit for WCAG 2.1 AA compliance,Missing,Medium,None
P2,Compliance,COMP-007,Accessibility remediation,Fix identified a11y issues,Missing,Medium,COMP-006
P2,Compliance,COMP-008,SOC 2 preparation,Document controls for SOC 2,Missing,High,All Security
P2,Compliance,COMP-009,Data processing agreement,DPA for enterprise customers,Missing,Low,None
P3,Compliance,COMP-010,HIPAA compliance (if applicable),Healthcare data protection,Missing,High,SEC-009
P0,Monitoring,MON-001,Error tracking service,Set up Sentry/Bugsnag,Missing,Medium,None
P0,Monitoring,MON-002,Application logging,Structured logging to aggregator,Missing (console only),Medium,API-001
P1,Monitoring,MON-003,Uptime monitoring,Monitor site availability,Missing,Low,None
P1,Monitoring,MON-004,Performance monitoring,APM with Datadog/New Relic,Missing,Medium,API-001
P1,Monitoring,MON-005,Alert configuration,Set up PagerDuty/Opsgenie alerts,Missing,Medium,MON-001
P2,Monitoring,MON-006,Log aggregation,Centralized logging (Logtail/Papertrail),Missing,Medium,MON-002
P2,Monitoring,MON-007,Distributed tracing,Request tracing across services,Missing,High,API-001
P2,Monitoring,MON-008,Custom metrics,Business-specific metrics tracking,Missing,Medium,MON-004
P3,Monitoring,MON-009,SLA dashboards,Track SLA compliance,Missing,Medium,MON-003
P1,Notifications,NOTIF-001,In-app notifications,Notification center for users,Missing,Medium,AUTH-001
P2,Notifications,NOTIF-002,Push notifications,Browser push notifications,Missing,Medium,AUTH-001
P2,Notifications,NOTIF-003,SMS notifications,Twilio SMS integration,Missing,Medium,None
P2,Notifications,NOTIF-004,Notification preferences,User notification settings,Missing,Low,NOTIF-001
P3,Notifications,NOTIF-005,Notification scheduling,Schedule notifications for later,Missing,Medium,NOTIF-001
